Category,Years_Experience,Cluster,Experience_Level,Senior_Keywords,Entry_Keywords,Leadership_Keywords
Data Science,3.5701934110117453,1,Entry-Level,1,0,0
Data Science,3.90422402880721,1,Entry-Level,0,0,0
Data Science,5.930472152160724,1,Entry-Level,1,0,0
Data Science,12.505183669836104,0,Senior-Level,3,1,1
Data Science,1.7059287295580443,1,Entry-Level,0,2,0
Data Science,3.822125283906093,1,Entry-Level,1,1,0
Data Science,4.011685608960924,1,Entry-Level,1,0,0
Data Science,11.31078236668294,0,Senior-Level,2,0,2
Data Science,2.074171952167643,1,Entry-Level,0,0,1
Data Science,8.34406910433206,2,Mid-Level,3,2,4
Data Science,3.5701934110117453,1,Entry-Level,1,0,0
Data Science,3.90422402880721,1,Entry-Level,0,0,0
Data Science,5.930472152160724,1,Entry-Level,1,0,0
Data Science,12.505183669836104,0,Senior-Level,3,1,1
Data Science,1.7059287295580443,1,Entry-Level,0,2,0
Data Science,3.822125283906093,1,Entry-Level,1,1,0
Data Science,4.011685608960924,1,Entry-Level,1,0,0
Data Science,11.31078236668294,0,Senior-Level,2,0,2
Data Science,2.074171952167643,1,Entry-Level,0,0,1
Data Science,8.34406910433206,2,Mid-Level,3,2,4
Data Science,3.5701934110117453,1,Entry-Level,1,0,0
Data Science,3.90422402880721,1,Entry-Level,0,0,0
Data Science,5.930472152160724,1,Entry-Level,1,0,0
Data Science,12.505183669836104,0,Senior-Level,3,1,1
Data Science,1.7059287295580443,1,Entry-Level,0,2,0
Data Science,3.822125283906093,1,Entry-Level,1,1,0
Data Science,4.011685608960924,1,Entry-Level,1,0,0
Data Science,11.31078236668294,0,Senior-Level,2,0,2
Data Science,2.074171952167643,1,Entry-Level,0,0,1
Data Science,8.34406910433206,2,Mid-Level,3,2,4
Data Science,3.5701934110117453,1,Entry-Level,1,0,0
Data Science,3.90422402880721,1,Entry-Level,0,0,0
Data Science,5.930472152160724,1,Entry-Level,1,0,0
Data Science,12.505183669836104,0,Senior-Level,3,1,1
Data Science,1.7059287295580443,1,Entry-Level,0,2,0
Data Science,3.822125283906093,1,Entry-Level,1,1,0
Data Science,4.011685608960924,1,Entry-Level,1,0,0
Data Science,11.31078236668294,0,Senior-Level,2,0,2
Data Science,2.074171952167643,1,Entry-Level,0,0,1
Data Science,8.34406910433206,2,Mid-Level,3,2,4
HR,2.1512594856192635,1,Entry-Level,0,0,0
HR,2.8967383122467303,1,Entry-Level,0,1,0
HR,3.753970498382885,1,Entry-Level,0,0,0
HR,2.281558445009421,1,Entry-Level,0,0,0
HR,2.281558445009421,1,Entry-Level,0,0,0
HR,2.251662888205007,1,Entry-Level,0,0,0
HR,2.3168139012900903,1,Entry-Level,0,0,0
HR,2.4110121827498494,1,Entry-Level,2,2,1
HR,1.2353253894023994,1,Entry-Level,0,2,0
HR,5.7492879185979895,1,Entry-Level,1,0,1
HR,2.78420853595477,1,Entry-Level,0,0,0
HR,2.1512594856192635,1,Entry-Level,0,0,0
HR,2.8967383122467303,1,Entry-Level,0,1,0
HR,3.753970498382885,1,Entry-Level,0,0,0
HR,2.281558445009421,1,Entry-Level,0,0,0
HR,2.281558445009421,1,Entry-Level,0,0,0
HR,2.251662888205007,1,Entry-Level,0,0,0
HR,2.3168139012900903,1,Entry-Level,0,0,0
HR,2.4110121827498494,1,Entry-Level,2,2,1
HR,1.2353253894023994,1,Entry-Level,0,2,0
HR,5.7492879185979895,1,Entry-Level,1,0,1
HR,2.78420853595477,1,Entry-Level,0,0,0
HR,2.1512594856192635,1,Entry-Level,0,0,0
HR,2.8967383122467303,1,Entry-Level,0,1,0
HR,3.753970498382885,1,Entry-Level,0,0,0
HR,2.281558445009421,1,Entry-Level,0,0,0
HR,2.281558445009421,1,Entry-Level,0,0,0
HR,2.251662888205007,1,Entry-Level,0,0,0
HR,2.3168139012900903,1,Entry-Level,0,0,0
HR,2.4110121827498494,1,Entry-Level,2,2,1
HR,1.2353253894023994,1,Entry-Level,0,2,0
HR,5.7492879185979895,1,Entry-Level,1,0,1
HR,2.78420853595477,1,Entry-Level,0,0,0
HR,2.1512594856192635,1,Entry-Level,0,0,0
HR,2.8967383122467303,1,Entry-Level,0,1,0
HR,3.753970498382885,1,Entry-Level,0,0,0
HR,2.281558445009421,1,Entry-Level,0,0,0
HR,2.281558445009421,1,Entry-Level,0,0,0
HR,2.251662888205007,1,Entry-Level,0,0,0
HR,2.3168139012900903,1,Entry-Level,0,0,0
HR,2.4110121827498494,1,Entry-Level,2,2,1
HR,1.2353253894023994,1,Entry-Level,0,2,0
HR,5.7492879185979895,1,Entry-Level,1,0,1
HR,2.78420853595477,1,Entry-Level,0,0,0
Advocate,2.2409009261257378,1,Entry-Level,0,0,0
Advocate,2.680702445594008,1,Entry-Level,0,0,0
Advocate,3.3112091629568416,1,Entry-Level,0,0,0
Advocate,3.8613273700698043,1,Entry-Level,1,1,0
Advocate,12.0,0,Senior-Level,1,1,1
Advocate,3.0472621471833774,1,Entry-Level,0,0,0
Advocate,1.4272249669958386,1,Entry-Level,0,2,0
Advocate,3.8120795522886586,1,Entry-Level,0,0,1
Advocate,2.6782398445815887,1,Entry-Level,0,0,1
Advocate,3.525439255749977,1,Entry-Level,0,0,0
Advocate,2.2409009261257378,1,Entry-Level,0,0,0
Advocate,2.680702445594008,1,Entry-Level,0,0,0
Advocate,3.3112091629568416,1,Entry-Level,0,0,0
Advocate,3.8613273700698043,1,Entry-Level,1,1,0
Advocate,12.0,0,Senior-Level,1,1,1
Advocate,3.0472621471833774,1,Entry-Level,0,0,0
Advocate,1.4272249669958386,1,Entry-Level,0,2,0
Advocate,3.8120795522886586,1,Entry-Level,0,0,1
Advocate,2.6782398445815887,1,Entry-Level,0,0,1
Advocate,3.525439255749977,1,Entry-Level,0,0,0
Arts,6.668697333460285,1,Entry-Level,2,1,1
Arts,3.906059735562736,1,Entry-Level,0,0,1
Arts,20.0,0,Senior-Level,6,1,1
Arts,2.1935160766333066,1,Entry-Level,0,0,0
Arts,3.0746392113405117,1,Entry-Level,0,0,0
Arts,4.350409604160612,1,Entry-Level,2,0,0
Arts,6.668697333460285,1,Entry-Level,2,1,1
Arts,3.906059735562736,1,Entry-Level,0,0,1
Arts,20.0,0,Senior-Level,6,1,1
Arts,2.1935160766333066,1,Entry-Level,0,0,0
Arts,3.0746392113405117,1,Entry-Level,0,0,0
Arts,4.350409604160612,1,Entry-Level,2,0,0
Arts,6.668697333460285,1,Entry-Level,2,1,1
Arts,3.906059735562736,1,Entry-Level,0,0,1
Arts,20.0,0,Senior-Level,6,1,1
Arts,2.1935160766333066,1,Entry-Level,0,0,0
Arts,3.0746392113405117,1,Entry-Level,0,0,0
Arts,4.350409604160612,1,Entry-Level,2,0,0
Arts,6.668697333460285,1,Entry-Level,2,1,1
Arts,3.906059735562736,1,Entry-Level,0,0,1
Arts,20.0,0,Senior-Level,6,1,1
Arts,2.1935160766333066,1,Entry-Level,0,0,0
Arts,3.0746392113405117,1,Entry-Level,0,0,0
Arts,4.350409604160612,1,Entry-Level,2,0,0
Arts,6.668697333460285,1,Entry-Level,2,1,1
Arts,3.906059735562736,1,Entry-Level,0,0,1
Arts,20.0,0,Senior-Level,6,1,1
Arts,2.1935160766333066,1,Entry-Level,0,0,0
Arts,3.0746392113405117,1,Entry-Level,0,0,0
Arts,4.350409604160612,1,Entry-Level,2,0,0
Arts,6.668697333460285,1,Entry-Level,2,1,1
Arts,3.906059735562736,1,Entry-Level,0,0,1
Arts,20.0,0,Senior-Level,6,1,1
Arts,2.1935160766333066,1,Entry-Level,0,0,0
Arts,3.0746392113405117,1,Entry-Level,0,0,0
Arts,4.350409604160612,1,Entry-Level,2,0,0
Web Designing,4.868774302773801,1,Entry-Level,1,1,0
Web Designing,2.1224831096646835,1,Entry-Level,0,0,0
Web Designing,4.868774302773801,1,Entry-Level,1,1,0
Web Designing,2.8730284887752497,1,Entry-Level,0,0,0
Web Designing,3.0564537089092987,1,Entry-Level,1,2,1
Web Designing,4.868774302773801,1,Entry-Level,1,1,0
Web Designing,2.1224831096646835,1,Entry-Level,0,0,0
Web Designing,4.868774302773801,1,Entry-Level,1,1,0
Web Designing,2.8730284887752497,1,Entry-Level,0,0,0
Web Designing,3.0564537089092987,1,Entry-Level,1,2,1
Web Designing,4.868774302773801,1,Entry-Level,1,1,0
Web Designing,2.1224831096646835,1,Entry-Level,0,0,0
Web Designing,4.868774302773801,1,Entry-Level,1,1,0
Web Designing,2.8730284887752497,1,Entry-Level,0,0,0
Web Designing,3.0564537089092987,1,Entry-Level,1,2,1
Web Designing,4.868774302773801,1,Entry-Level,1,1,0
Web Designing,2.1224831096646835,1,Entry-Level,0,0,0
Web Designing,4.868774302773801,1,Entry-Level,1,1,0
Web Designing,2.8730284887752497,1,Entry-Level,0,0,0
Web Designing,3.0564537089092987,1,Entry-Level,1,2,1
Web Designing,4.868774302773801,1,Entry-Level,1,1,0
Web Designing,2.1224831096646835,1,Entry-Level,0,0,0
Web Designing,4.868774302773801,1,Entry-Level,1,1,0
Web Designing,2.8730284887752497,1,Entry-Level,0,0,0
Web Designing,3.0564537089092987,1,Entry-Level,1,2,1
Web Designing,4.868774302773801,1,Entry-Level,1,1,0
Web Designing,2.1224831096646835,1,Entry-Level,0,0,0
Web Designing,4.868774302773801,1,Entry-Level,1,1,0
Web Designing,2.8730284887752497,1,Entry-Level,0,0,0
Web Designing,3.0564537089092987,1,Entry-Level,1,2,1
Web Designing,4.868774302773801,1,Entry-Level,1,1,0
Web Designing,2.1224831096646835,1,Entry-Level,0,0,0
Web Designing,4.868774302773801,1,Entry-Level,1,1,0
Web Designing,2.8730284887752497,1,Entry-Level,0,0,0
Web Designing,3.0564537089092987,1,Entry-Level,1,2,1
Web Designing,4.868774302773801,1,Entry-Level,1,1,0
Web Designing,2.1224831096646835,1,Entry-Level,0,0,0
Web Designing,4.868774302773801,1,Entry-Level,1,1,0
Web Designing,2.8730284887752497,1,Entry-Level,0,0,0
Web Designing,3.0564537089092987,1,Entry-Level,1,2,1
Web Designing,4.868774302773801,1,Entry-Level,1,1,0
Web Designing,2.1224831096646835,1,Entry-Level,0,0,0
Web Designing,4.868774302773801,1,Entry-Level,1,1,0
Web Designing,2.8730284887752497,1,Entry-Level,0,0,0
Web Designing,3.0564537089092987,1,Entry-Level,1,2,1
Mechanical Engineer,8.082499542482772,2,Mid-Level,5,1,2
Mechanical Engineer,2.4427297329970656,1,Entry-Level,0,1,1
Mechanical Engineer,3.4757849096904794,1,Entry-Level,0,0,0
Mechanical Engineer,1.0,1,Entry-Level,1,0,1
Mechanical Engineer,2.9488096790007505,1,Entry-Level,0,0,0
Mechanical Engineer,8.082499542482772,2,Mid-Level,5,1,2
Mechanical Engineer,2.4427297329970656,1,Entry-Level,0,1,1
Mechanical Engineer,3.4757849096904794,1,Entry-Level,0,0,0
Mechanical Engineer,1.0,1,Entry-Level,1,0,1
Mechanical Engineer,2.9488096790007505,1,Entry-Level,0,0,0
Mechanical Engineer,8.082499542482772,2,Mid-Level,5,1,2
Mechanical Engineer,2.4427297329970656,1,Entry-Level,0,1,1
Mechanical Engineer,3.4757849096904794,1,Entry-Level,0,0,0
Mechanical Engineer,1.0,1,Entry-Level,1,0,1
Mechanical Engineer,2.9488096790007505,1,Entry-Level,0,0,0
Mechanical Engineer,8.082499542482772,2,Mid-Level,5,1,2
Mechanical Engineer,2.4427297329970656,1,Entry-Level,0,1,1
Mechanical Engineer,3.4757849096904794,1,Entry-Level,0,0,0
Mechanical Engineer,1.0,1,Entry-Level,1,0,1
Mechanical Engineer,2.9488096790007505,1,Entry-Level,0,0,0
Mechanical Engineer,8.082499542482772,2,Mid-Level,5,1,2
Mechanical Engineer,2.4427297329970656,1,Entry-Level,0,1,1
Mechanical Engineer,3.4757849096904794,1,Entry-Level,0,0,0
Mechanical Engineer,1.0,1,Entry-Level,1,0,1
Mechanical Engineer,2.9488096790007505,1,Entry-Level,0,0,0
Mechanical Engineer,8.082499542482772,2,Mid-Level,5,1,2
Mechanical Engineer,2.4427297329970656,1,Entry-Level,0,1,1
Mechanical Engineer,3.4757849096904794,1,Entry-Level,0,0,0
Mechanical Engineer,1.0,1,Entry-Level,1,0,1
Mechanical Engineer,2.9488096790007505,1,Entry-Level,0,0,0
Mechanical Engineer,8.082499542482772,2,Mid-Level,5,1,2
Mechanical Engineer,2.4427297329970656,1,Entry-Level,0,1,1
Mechanical Engineer,3.4757849096904794,1,Entry-Level,0,0,0
Mechanical Engineer,1.0,1,Entry-Level,1,0,1
Mechanical Engineer,2.9488096790007505,1,Entry-Level,0,0,0
Mechanical Engineer,8.082499542482772,2,Mid-Level,5,1,2
Mechanical Engineer,2.4427297329970656,1,Entry-Level,0,1,1
Mechanical Engineer,3.4757849096904794,1,Entry-Level,0,0,0
Mechanical Engineer,1.0,1,Entry-Level,1,0,1
Mechanical Engineer,2.9488096790007505,1,Entry-Level,0,0,0
Sales,5.259905464420468,1,Entry-Level,2,0,0
Sales,6.178621361724581,1,Entry-Level,2,0,1
Sales,4.024790386855557,1,Entry-Level,2,0,1
Sales,8.860826888988738,0,Senior-Level,5,0,0
Sales,6.684400246986966,1,Entry-Level,2,0,0
Sales,5.259905464420468,1,Entry-Level,2,0,0
Sales,6.178621361724581,1,Entry-Level,2,0,1
Sales,4.024790386855557,1,Entry-Level,2,0,1
Sales,8.860826888988738,0,Senior-Level,5,0,0
Sales,6.684400246986966,1,Entry-Level,2,0,0
Sales,5.259905464420468,1,Entry-Level,2,0,0
Sales,6.178621361724581,1,Entry-Level,2,0,1
Sales,4.024790386855557,1,Entry-Level,2,0,1
Sales,8.860826888988738,0,Senior-Level,5,0,0
Sales,6.684400246986966,1,Entry-Level,2,0,0
Sales,5.259905464420468,1,Entry-Level,2,0,0
Sales,6.178621361724581,1,Entry-Level,2,0,1
Sales,4.024790386855557,1,Entry-Level,2,0,1
Sales,8.860826888988738,0,Senior-Level,5,0,0
Sales,6.684400246986966,1,Entry-Level,2,0,0
Sales,5.259905464420468,1,Entry-Level,2,0,0
Sales,6.178621361724581,1,Entry-Level,2,0,1
Sales,4.024790386855557,1,Entry-Level,2,0,1
Sales,8.860826888988738,0,Senior-Level,5,0,0
Sales,6.684400246986966,1,Entry-Level,2,0,0
Sales,5.259905464420468,1,Entry-Level,2,0,0
Sales,6.178621361724581,1,Entry-Level,2,0,1
Sales,4.024790386855557,1,Entry-Level,2,0,1
Sales,8.860826888988738,0,Senior-Level,5,0,0
Sales,6.684400246986966,1,Entry-Level,2,0,0
Sales,5.259905464420468,1,Entry-Level,2,0,0
Sales,6.178621361724581,1,Entry-Level,2,0,1
Sales,4.024790386855557,1,Entry-Level,2,0,1
Sales,8.860826888988738,0,Senior-Level,5,0,0
Sales,6.684400246986966,1,Entry-Level,2,0,0
Sales,5.259905464420468,1,Entry-Level,2,0,0
Sales,6.178621361724581,1,Entry-Level,2,0,1
Sales,4.024790386855557,1,Entry-Level,2,0,1
Sales,8.860826888988738,0,Senior-Level,5,0,0
Sales,6.684400246986966,1,Entry-Level,2,0,0
Health and fitness,2.654192653008936,1,Entry-Level,0,0,0
Health and fitness,2.5768297572459016,1,Entry-Level,0,1,1
Health and fitness,4.152472914745142,1,Entry-Level,1,1,2
Health and fitness,14.327110568696174,0,Senior-Level,3,1,1
Health and fitness,6.7406212649403745,1,Entry-Level,1,0,1
Health and fitness,14.611845751870128,0,Senior-Level,2,0,1
Health and fitness,2.654192653008936,1,Entry-Level,0,0,0
Health and fitness,2.5768297572459016,1,Entry-Level,0,1,1
Health and fitness,4.152472914745142,1,Entry-Level,1,1,2
Health and fitness,14.327110568696174,0,Senior-Level,3,1,1
Health and fitness,6.7406212649403745,1,Entry-Level,1,0,1
Health and fitness,14.611845751870128,0,Senior-Level,2,0,1
Health and fitness,2.654192653008936,1,Entry-Level,0,0,0
Health and fitness,2.5768297572459016,1,Entry-Level,0,1,1
Health and fitness,4.152472914745142,1,Entry-Level,1,1,2
Health and fitness,14.327110568696174,0,Senior-Level,3,1,1
Health and fitness,6.7406212649403745,1,Entry-Level,1,0,1
Health and fitness,14.611845751870128,0,Senior-Level,2,0,1
Health and fitness,2.654192653008936,1,Entry-Level,0,0,0
Health and fitness,2.5768297572459016,1,Entry-Level,0,1,1
Health and fitness,4.152472914745142,1,Entry-Level,1,1,2
Health and fitness,14.327110568696174,0,Senior-Level,3,1,1
Health and fitness,6.7406212649403745,1,Entry-Level,1,0,1
Health and fitness,14.611845751870128,0,Senior-Level,2,0,1
Health and fitness,2.654192653008936,1,Entry-Level,0,0,0
Health and fitness,2.5768297572459016,1,Entry-Level,0,1,1
Health and fitness,4.152472914745142,1,Entry-Level,1,1,2
Health and fitness,14.327110568696174,0,Senior-Level,3,1,1
Health and fitness,6.7406212649403745,1,Entry-Level,1,0,1
Health and fitness,14.611845751870128,0,Senior-Level,2,0,1
Civil Engineer,12.001398148041126,2,Mid-Level,2,1,1
Civil Engineer,3.8189078588065684,1,Entry-Level,0,0,0
Civil Engineer,10.65170349352608,0,Senior-Level,1,0,1
Civil Engineer,10.364250798627186,0,Senior-Level,3,1,1
Civil Engineer,10.313615376175415,0,Senior-Level,3,0,1
Civil Engineer,3.68783149069319,1,Entry-Level,0,0,0
Civil Engineer,12.001398148041126,2,Mid-Level,2,1,1
Civil Engineer,3.8189078588065684,1,Entry-Level,0,0,0
Civil Engineer,10.65170349352608,0,Senior-Level,1,0,1
Civil Engineer,10.364250798627186,0,Senior-Level,3,1,1
Civil Engineer,10.313615376175415,0,Senior-Level,3,0,1
Civil Engineer,3.68783149069319,1,Entry-Level,0,0,0
Civil Engineer,12.001398148041126,2,Mid-Level,2,1,1
Civil Engineer,3.8189078588065684,1,Entry-Level,0,0,0
Civil Engineer,10.65170349352608,0,Senior-Level,1,0,1
Civil Engineer,10.364250798627186,0,Senior-Level,3,1,1
Civil Engineer,10.313615376175415,0,Senior-Level,3,0,1
Civil Engineer,3.68783149069319,1,Entry-Level,0,0,0
Civil Engineer,12.001398148041126,2,Mid-Level,2,1,1
Civil Engineer,3.8189078588065684,1,Entry-Level,0,0,0
Civil Engineer,10.65170349352608,0,Senior-Level,1,0,1
Civil Engineer,10.364250798627186,0,Senior-Level,3,1,1
Civil Engineer,10.313615376175415,0,Senior-Level,3,0,1
Civil Engineer,3.68783149069319,1,Entry-Level,0,0,0
Java Developer,3.6202529857425754,1,Entry-Level,0,0,0
Java Developer,3.087683829788191,1,Entry-Level,0,1,1
Java Developer,7.970478612601457,1,Entry-Level,1,0,1
Java Developer,3.7487227435698616,1,Entry-Level,0,0,1
Java Developer,3.9397856379883796,1,Entry-Level,0,1,1
Java Developer,3.339770336086775,1,Entry-Level,0,0,1
Java Developer,3.963502331484965,1,Entry-Level,0,1,0
Java Developer,3.963502331484965,1,Entry-Level,0,1,0
Java Developer,2.276376961767898,1,Entry-Level,0,0,0
Java Developer,2.1125178986471305,1,Entry-Level,0,0,0
Java Developer,14.909787334586706,0,Senior-Level,2,0,1
Java Developer,2.588632612098195,1,Entry-Level,1,2,0
Java Developer,5.991097701840122,1,Entry-Level,1,0,2
Java Developer,2.0,1,Entry-Level,0,0,1
Java Developer,3.6202529857425754,1,Entry-Level,0,0,0
Java Developer,3.087683829788191,1,Entry-Level,0,1,1
Java Developer,7.970478612601457,1,Entry-Level,1,0,1
Java Developer,3.7487227435698616,1,Entry-Level,0,0,1
Java Developer,3.9397856379883796,1,Entry-Level,0,1,1
Java Developer,3.339770336086775,1,Entry-Level,0,0,1
Java Developer,3.963502331484965,1,Entry-Level,0,1,0
Java Developer,3.963502331484965,1,Entry-Level,0,1,0
Java Developer,2.276376961767898,1,Entry-Level,0,0,0
Java Developer,2.1125178986471305,1,Entry-Level,0,0,0
Java Developer,14.909787334586706,0,Senior-Level,2,0,1
Java Developer,2.588632612098195,1,Entry-Level,1,2,0
Java Developer,5.991097701840122,1,Entry-Level,1,0,2
Java Developer,2.0,1,Entry-Level,0,0,1
Java Developer,3.6202529857425754,1,Entry-Level,0,0,0
Java Developer,3.087683829788191,1,Entry-Level,0,1,1
Java Developer,7.970478612601457,1,Entry-Level,1,0,1
Java Developer,3.7487227435698616,1,Entry-Level,0,0,1
Java Developer,3.9397856379883796,1,Entry-Level,0,1,1
Java Developer,3.339770336086775,1,Entry-Level,0,0,1
Java Developer,3.963502331484965,1,Entry-Level,0,1,0
Java Developer,3.963502331484965,1,Entry-Level,0,1,0
Java Developer,2.276376961767898,1,Entry-Level,0,0,0
Java Developer,2.1125178986471305,1,Entry-Level,0,0,0
Java Developer,14.909787334586706,0,Senior-Level,2,0,1
Java Developer,2.588632612098195,1,Entry-Level,1,2,0
Java Developer,5.991097701840122,1,Entry-Level,1,0,2
Java Developer,2.0,1,Entry-Level,0,0,1
Java Developer,3.6202529857425754,1,Entry-Level,0,0,0
Java Developer,3.087683829788191,1,Entry-Level,0,1,1
Java Developer,7.970478612601457,1,Entry-Level,1,0,1
Java Developer,3.7487227435698616,1,Entry-Level,0,0,1
Java Developer,3.9397856379883796,1,Entry-Level,0,1,1
Java Developer,3.339770336086775,1,Entry-Level,0,0,1
Java Developer,3.963502331484965,1,Entry-Level,0,1,0
Java Developer,3.963502331484965,1,Entry-Level,0,1,0
Java Developer,2.276376961767898,1,Entry-Level,0,0,0
Java Developer,2.1125178986471305,1,Entry-Level,0,0,0
Java Developer,14.909787334586706,0,Senior-Level,2,0,1
Java Developer,2.588632612098195,1,Entry-Level,1,2,0
Java Developer,5.991097701840122,1,Entry-Level,1,0,2
Java Developer,2.0,1,Entry-Level,0,0,1
Java Developer,3.6202529857425754,1,Entry-Level,0,0,0
Java Developer,3.087683829788191,1,Entry-Level,0,1,1
Java Developer,7.970478612601457,1,Entry-Level,1,0,1
Java Developer,3.7487227435698616,1,Entry-Level,0,0,1
Java Developer,3.9397856379883796,1,Entry-Level,0,1,1
Java Developer,3.339770336086775,1,Entry-Level,0,0,1
Java Developer,3.963502331484965,1,Entry-Level,0,1,0
Java Developer,3.963502331484965,1,Entry-Level,0,1,0
Java Developer,2.276376961767898,1,Entry-Level,0,0,0
Java Developer,2.1125178986471305,1,Entry-Level,0,0,0
Java Developer,14.909787334586706,0,Senior-Level,2,0,1
Java Developer,2.588632612098195,1,Entry-Level,1,2,0
Java Developer,5.991097701840122,1,Entry-Level,1,0,2
Java Developer,2.0,1,Entry-Level,0,0,1
Java Developer,3.6202529857425754,1,Entry-Level,0,0,0
Java Developer,3.087683829788191,1,Entry-Level,0,1,1
Java Developer,7.970478612601457,1,Entry-Level,1,0,1
Java Developer,3.7487227435698616,1,Entry-Level,0,0,1
Java Developer,3.9397856379883796,1,Entry-Level,0,1,1
Java Developer,3.339770336086775,1,Entry-Level,0,0,1
Java Developer,3.963502331484965,1,Entry-Level,0,1,0
Java Developer,3.963502331484965,1,Entry-Level,0,1,0
Java Developer,2.276376961767898,1,Entry-Level,0,0,0
Java Developer,2.1125178986471305,1,Entry-Level,0,0,0
Java Developer,14.909787334586706,0,Senior-Level,2,0,1
Java Developer,2.588632612098195,1,Entry-Level,1,2,0
Java Developer,5.991097701840122,1,Entry-Level,1,0,2
Java Developer,2.0,1,Entry-Level,0,0,1
Business Analyst,6.357214298284697,1,Entry-Level,1,1,1
Business Analyst,2.2829251862193862,1,Entry-Level,0,0,0
Business Analyst,4.350409604160612,2,Mid-Level,2,3,1
Business Analyst,11.5767452935694,2,Mid-Level,5,2,1
Business Analyst,1.944967516936203,1,Entry-Level,0,2,1
Business Analyst,8.212819977679525,0,Senior-Level,3,0,0
Business Analyst,4.350409604160612,2,Mid-Level,2,3,1
Business Analyst,11.5767452935694,2,Mid-Level,5,2,1
Business Analyst,1.944967516936203,1,Entry-Level,0,2,1
Business Analyst,8.212819977679525,0,Senior-Level,3,0,0
Business Analyst,4.350409604160612,2,Mid-Level,2,3,1
Business Analyst,11.5767452935694,2,Mid-Level,5,2,1
Business Analyst,1.944967516936203,1,Entry-Level,0,2,1
Business Analyst,8.212819977679525,0,Senior-Level,3,0,0
Business Analyst,6.357214298284697,1,Entry-Level,1,1,1
Business Analyst,2.2829251862193862,1,Entry-Level,0,0,0
Business Analyst,4.350409604160612,2,Mid-Level,2,3,1
Business Analyst,11.5767452935694,2,Mid-Level,5,2,1
Business Analyst,1.944967516936203,1,Entry-Level,0,2,1
Business Analyst,8.212819977679525,0,Senior-Level,3,0,0
Business Analyst,4.350409604160612,2,Mid-Level,2,3,1
Business Analyst,11.5767452935694,2,Mid-Level,5,2,1
Business Analyst,1.944967516936203,1,Entry-Level,0,2,1
Business Analyst,8.212819977679525,0,Senior-Level,3,0,0
Business Analyst,4.350409604160612,2,Mid-Level,2,3,1
Business Analyst,11.5767452935694,2,Mid-Level,5,2,1
Business Analyst,1.944967516936203,1,Entry-Level,0,2,1
Business Analyst,8.212819977679525,0,Senior-Level,3,0,0
SAP Developer,6.540012780609283,1,Entry-Level,1,1,1
SAP Developer,4.0121374071583435,1,Entry-Level,0,0,1
SAP Developer,4.065014546981102,1,Entry-Level,1,0,1
SAP Developer,2.930608082217449,1,Entry-Level,1,0,0
SAP Developer,3.089695726533301,1,Entry-Level,0,0,0
SAP Developer,8.51322522807655,0,Senior-Level,3,0,3
SAP Developer,6.540012780609283,1,Entry-Level,1,1,1
SAP Developer,4.0121374071583435,1,Entry-Level,0,0,1
SAP Developer,4.065014546981102,1,Entry-Level,1,0,1
SAP Developer,2.930608082217449,1,Entry-Level,1,0,0
SAP Developer,3.089695726533301,1,Entry-Level,0,0,0
SAP Developer,8.51322522807655,0,Senior-Level,3,0,3
SAP Developer,6.540012780609283,1,Entry-Level,1,1,1
SAP Developer,4.0121374071583435,1,Entry-Level,0,0,1
SAP Developer,4.065014546981102,1,Entry-Level,1,0,1
SAP Developer,2.930608082217449,1,Entry-Level,1,0,0
SAP Developer,3.089695726533301,1,Entry-Level,0,0,0
SAP Developer,8.51322522807655,0,Senior-Level,3,0,3
SAP Developer,6.540012780609283,1,Entry-Level,1,1,1
SAP Developer,4.0121374071583435,1,Entry-Level,0,0,1
SAP Developer,4.065014546981102,1,Entry-Level,1,0,1
SAP Developer,2.930608082217449,1,Entry-Level,1,0,0
SAP Developer,3.089695726533301,1,Entry-Level,0,0,0
SAP Developer,8.51322522807655,0,Senior-Level,3,0,3
Automation Testing,2.0,1,Entry-Level,1,1,1
Automation Testing,9.0,0,Senior-Level,2,3,1
Automation Testing,3.4875886506423766,1,Entry-Level,0,0,0
Automation Testing,12.636059671790308,0,Senior-Level,4,0,1
Automation Testing,3.0703299801747743,1,Entry-Level,0,2,1
Automation Testing,12.67988850232635,0,Senior-Level,2,0,0
Automation Testing,3.592200885837606,1,Entry-Level,0,0,0
Automation Testing,12.636059671790308,0,Senior-Level,4,0,1
Automation Testing,3.0703299801747743,1,Entry-Level,0,2,1
Automation Testing,12.636059671790308,0,Senior-Level,4,0,1
Automation Testing,3.0703299801747743,1,Entry-Level,0,2,1
Automation Testing,12.636059671790308,0,Senior-Level,4,0,1
Automation Testing,3.0703299801747743,1,Entry-Level,0,2,1
Automation Testing,2.0,1,Entry-Level,1,1,1
Automation Testing,9.0,0,Senior-Level,2,3,1
Automation Testing,3.4875886506423766,1,Entry-Level,0,0,0
Automation Testing,12.636059671790308,0,Senior-Level,4,0,1
Automation Testing,3.0703299801747743,1,Entry-Level,0,2,1
Automation Testing,12.67988850232635,0,Senior-Level,2,0,0
Automation Testing,3.592200885837606,1,Entry-Level,0,0,0
Automation Testing,12.636059671790308,0,Senior-Level,4,0,1
Automation Testing,3.0703299801747743,1,Entry-Level,0,2,1
Automation Testing,12.636059671790308,0,Senior-Level,4,0,1
Automation Testing,3.0703299801747743,1,Entry-Level,0,2,1
Automation Testing,12.636059671790308,0,Senior-Level,4,0,1
Automation Testing,3.0703299801747743,1,Entry-Level,0,2,1
Electrical Engineering,4.0,2,Mid-Level,1,1,2
Electrical Engineering,7.04416891683513,1,Entry-Level,1,0,1
Electrical Engineering,5.0,1,Entry-Level,0,0,0
Electrical Engineering,2.9627911163592078,1,Entry-Level,0,0,0
Electrical Engineering,3.1545299348468916,1,Entry-Level,0,0,1
Electrical Engineering,4.0,2,Mid-Level,1,1,2
Electrical Engineering,7.04416891683513,1,Entry-Level,1,0,1
Electrical Engineering,5.0,1,Entry-Level,0,0,0
Electrical Engineering,2.9627911163592078,1,Entry-Level,0,0,0
Electrical Engineering,3.1545299348468916,1,Entry-Level,0,0,1
Electrical Engineering,4.0,2,Mid-Level,1,1,2
Electrical Engineering,7.04416891683513,1,Entry-Level,1,0,1
Electrical Engineering,5.0,1,Entry-Level,0,0,0
Electrical Engineering,2.9627911163592078,1,Entry-Level,0,0,0
Electrical Engineering,3.1545299348468916,1,Entry-Level,0,0,1
Electrical Engineering,4.0,2,Mid-Level,1,1,2
Electrical Engineering,7.04416891683513,1,Entry-Level,1,0,1
Electrical Engineering,5.0,1,Entry-Level,0,0,0
Electrical Engineering,2.9627911163592078,1,Entry-Level,0,0,0
Electrical Engineering,3.1545299348468916,1,Entry-Level,0,0,1
Electrical Engineering,4.0,2,Mid-Level,1,1,2
Electrical Engineering,7.04416891683513,1,Entry-Level,1,0,1
Electrical Engineering,5.0,1,Entry-Level,0,0,0
Electrical Engineering,2.9627911163592078,1,Entry-Level,0,0,0
Electrical Engineering,3.1545299348468916,1,Entry-Level,0,0,1
Electrical Engineering,4.0,2,Mid-Level,1,1,2
Electrical Engineering,7.04416891683513,1,Entry-Level,1,0,1
Electrical Engineering,5.0,1,Entry-Level,0,0,0
Electrical Engineering,2.9627911163592078,1,Entry-Level,0,0,0
Electrical Engineering,3.1545299348468916,1,Entry-Level,0,0,1
Operations Manager,8.982196520394075,2,Mid-Level,5,1,3
Operations Manager,9.293382347750459,2,Mid-Level,4,1,4
Operations Manager,11.569498635937233,2,Mid-Level,2,1,3
Operations Manager,9.834877985988097,2,Mid-Level,5,1,2
Operations Manager,8.982196520394075,2,Mid-Level,5,1,3
Operations Manager,9.293382347750459,2,Mid-Level,4,1,4
Operations Manager,11.569498635937233,2,Mid-Level,2,1,3
Operations Manager,9.834877985988097,2,Mid-Level,5,1,2
Operations Manager,8.982196520394075,2,Mid-Level,5,1,3
Operations Manager,9.293382347750459,2,Mid-Level,4,1,4
Operations Manager,11.569498635937233,2,Mid-Level,2,1,3
Operations Manager,9.834877985988097,2,Mid-Level,5,1,2
Operations Manager,8.982196520394075,2,Mid-Level,5,1,3
Operations Manager,9.293382347750459,2,Mid-Level,4,1,4
Operations Manager,11.569498635937233,2,Mid-Level,2,1,3
Operations Manager,9.834877985988097,2,Mid-Level,5,1,2
Operations Manager,8.982196520394075,2,Mid-Level,5,1,3
Operations Manager,9.293382347750459,2,Mid-Level,4,1,4
Operations Manager,11.569498635937233,2,Mid-Level,2,1,3
Operations Manager,9.834877985988097,2,Mid-Level,5,1,2
Operations Manager,8.982196520394075,2,Mid-Level,5,1,3
Operations Manager,9.293382347750459,2,Mid-Level,4,1,4
Operations Manager,11.569498635937233,2,Mid-Level,2,1,3
Operations Manager,9.834877985988097,2,Mid-Level,5,1,2
Operations Manager,8.982196520394075,2,Mid-Level,5,1,3
Operations Manager,9.293382347750459,2,Mid-Level,4,1,4
Operations Manager,11.569498635937233,2,Mid-Level,2,1,3
Operations Manager,9.834877985988097,2,Mid-Level,5,1,2
Operations Manager,8.982196520394075,2,Mid-Level,5,1,3
Operations Manager,9.293382347750459,2,Mid-Level,4,1,4
Operations Manager,11.569498635937233,2,Mid-Level,2,1,3
Operations Manager,9.834877985988097,2,Mid-Level,5,1,2
Operations Manager,8.982196520394075,2,Mid-Level,5,1,3
Operations Manager,9.293382347750459,2,Mid-Level,4,1,4
Operations Manager,11.569498635937233,2,Mid-Level,2,1,3
Operations Manager,9.834877985988097,2,Mid-Level,5,1,2
Operations Manager,8.982196520394075,2,Mid-Level,5,1,3
Operations Manager,9.293382347750459,2,Mid-Level,4,1,4
Operations Manager,11.569498635937233,2,Mid-Level,2,1,3
Operations Manager,9.834877985988097,2,Mid-Level,5,1,2
Python Developer,2.0,1,Entry-Level,2,1,1
Python Developer,4.371399728193516,1,Entry-Level,0,0,1
Python Developer,3.773617772241522,1,Entry-Level,0,1,0
Python Developer,3.048409115091517,1,Entry-Level,0,0,0
Python Developer,7.1868600429526825,1,Entry-Level,1,1,1
Python Developer,6.008783409181908,1,Entry-Level,0,0,1
Python Developer,2.0,1,Entry-Level,2,1,1
Python Developer,4.371399728193516,1,Entry-Level,0,0,1
Python Developer,3.773617772241522,1,Entry-Level,0,1,0
Python Developer,3.048409115091517,1,Entry-Level,0,0,0
Python Developer,7.1868600429526825,1,Entry-Level,1,1,1
Python Developer,6.008783409181908,1,Entry-Level,0,0,1
Python Developer,2.0,1,Entry-Level,2,1,1
Python Developer,4.371399728193516,1,Entry-Level,0,0,1
Python Developer,3.773617772241522,1,Entry-Level,0,1,0
Python Developer,3.048409115091517,1,Entry-Level,0,0,0
Python Developer,7.1868600429526825,1,Entry-Level,1,1,1
Python Developer,6.008783409181908,1,Entry-Level,0,0,1
Python Developer,2.0,1,Entry-Level,2,1,1
Python Developer,4.371399728193516,1,Entry-Level,0,0,1
Python Developer,3.773617772241522,1,Entry-Level,0,1,0
Python Developer,3.048409115091517,1,Entry-Level,0,0,0
Python Developer,7.1868600429526825,1,Entry-Level,1,1,1
Python Developer,6.008783409181908,1,Entry-Level,0,0,1
Python Developer,2.0,1,Entry-Level,2,1,1
Python Developer,4.371399728193516,1,Entry-Level,0,0,1
Python Developer,3.773617772241522,1,Entry-Level,0,1,0
Python Developer,3.048409115091517,1,Entry-Level,0,0,0
Python Developer,7.1868600429526825,1,Entry-Level,1,1,1
Python Developer,6.008783409181908,1,Entry-Level,0,0,1
Python Developer,2.0,1,Entry-Level,2,1,1
Python Developer,4.371399728193516,1,Entry-Level,0,0,1
Python Developer,3.773617772241522,1,Entry-Level,0,1,0
Python Developer,3.048409115091517,1,Entry-Level,0,0,0
Python Developer,7.1868600429526825,1,Entry-Level,1,1,1
Python Developer,6.008783409181908,1,Entry-Level,0,0,1
Python Developer,2.0,1,Entry-Level,2,1,1
Python Developer,4.371399728193516,1,Entry-Level,0,0,1
Python Developer,3.773617772241522,1,Entry-Level,0,1,0
Python Developer,3.048409115091517,1,Entry-Level,0,0,0
Python Developer,7.1868600429526825,1,Entry-Level,1,1,1
Python Developer,6.008783409181908,1,Entry-Level,0,0,1
Python Developer,2.0,1,Entry-Level,2,1,1
Python Developer,4.371399728193516,1,Entry-Level,0,0,1
Python Developer,3.773617772241522,1,Entry-Level,0,1,0
Python Developer,3.048409115091517,1,Entry-Level,0,0,0
Python Developer,7.1868600429526825,1,Entry-Level,1,1,1
Python Developer,6.008783409181908,1,Entry-Level,0,0,1
DevOps Engineer,8.901090011215627,0,Senior-Level,3,1,1
DevOps Engineer,3.8440305599552396,1,Entry-Level,0,0,0
DevOps Engineer,10.400812827337583,0,Senior-Level,2,0,2
DevOps Engineer,10.258393573378944,2,Mid-Level,6,1,2
DevOps Engineer,5.6495383003755215,1,Entry-Level,2,1,0
DevOps Engineer,15.0,0,Senior-Level,2,1,1
DevOps Engineer,9.233753973118874,0,Senior-Level,3,1,0
DevOps Engineer,8.901090011215627,0,Senior-Level,3,1,1
DevOps Engineer,3.8440305599552396,1,Entry-Level,0,0,0
DevOps Engineer,10.400812827337583,0,Senior-Level,2,0,2
DevOps Engineer,8.901090011215627,0,Senior-Level,3,1,1
DevOps Engineer,3.8440305599552396,1,Entry-Level,0,0,0
DevOps Engineer,10.400812827337583,0,Senior-Level,2,0,2
DevOps Engineer,8.901090011215627,0,Senior-Level,3,1,1
DevOps Engineer,3.8440305599552396,1,Entry-Level,0,0,0
DevOps Engineer,10.400812827337583,0,Senior-Level,2,0,2
DevOps Engineer,8.901090011215627,0,Senior-Level,3,1,1
DevOps Engineer,3.8440305599552396,1,Entry-Level,0,0,0
DevOps Engineer,10.400812827337583,0,Senior-Level,2,0,2
DevOps Engineer,8.901090011215627,0,Senior-Level,3,1,1
DevOps Engineer,3.8440305599552396,1,Entry-Level,0,0,0
DevOps Engineer,10.400812827337583,0,Senior-Level,2,0,2
DevOps Engineer,8.901090011215627,0,Senior-Level,3,1,1
DevOps Engineer,3.8440305599552396,1,Entry-Level,0,0,0
DevOps Engineer,10.400812827337583,0,Senior-Level,2,0,2
DevOps Engineer,8.901090011215627,0,Senior-Level,3,1,1
DevOps Engineer,3.8440305599552396,1,Entry-Level,0,0,0
DevOps Engineer,10.400812827337583,0,Senior-Level,2,0,2
DevOps Engineer,8.901090011215627,0,Senior-Level,3,1,1
DevOps Engineer,3.8440305599552396,1,Entry-Level,0,0,0
DevOps Engineer,10.400812827337583,0,Senior-Level,2,0,2
DevOps Engineer,8.901090011215627,0,Senior-Level,3,1,1
DevOps Engineer,3.8440305599552396,1,Entry-Level,0,0,0
DevOps Engineer,10.400812827337583,0,Senior-Level,2,0,2
DevOps Engineer,8.901090011215627,0,Senior-Level,3,1,1
DevOps Engineer,3.8440305599552396,1,Entry-Level,0,0,0
DevOps Engineer,10.400812827337583,0,Senior-Level,2,0,2
DevOps Engineer,8.901090011215627,0,Senior-Level,3,1,1
DevOps Engineer,3.8440305599552396,1,Entry-Level,0,0,0
DevOps Engineer,10.400812827337583,0,Senior-Level,2,0,2
DevOps Engineer,8.901090011215627,0,Senior-Level,3,1,1
DevOps Engineer,3.8440305599552396,1,Entry-Level,0,0,0
DevOps Engineer,10.400812827337583,0,Senior-Level,2,0,2
DevOps Engineer,8.901090011215627,0,Senior-Level,3,1,1
DevOps Engineer,3.8440305599552396,1,Entry-Level,0,0,0
DevOps Engineer,10.400812827337583,0,Senior-Level,2,0,2
DevOps Engineer,8.901090011215627,0,Senior-Level,3,1,1
DevOps Engineer,3.8440305599552396,1,Entry-Level,0,0,0
DevOps Engineer,10.400812827337583,0,Senior-Level,2,0,2
DevOps Engineer,8.901090011215627,0,Senior-Level,3,1,1
DevOps Engineer,3.8440305599552396,1,Entry-Level,0,0,0
DevOps Engineer,10.400812827337583,0,Senior-Level,2,0,2
DevOps Engineer,8.901090011215627,0,Senior-Level,3,1,1
DevOps Engineer,3.8440305599552396,1,Entry-Level,0,0,0
DevOps Engineer,10.400812827337583,0,Senior-Level,2,0,2
Network Security Engineer,3.9188080495809388,1,Entry-Level,1,2,1
Network Security Engineer,9.123117370892967,0,Senior-Level,1,1,1
Network Security Engineer,3.4662736516294315,1,Entry-Level,1,1,0
Network Security Engineer,9.39444177132264,0,Senior-Level,4,0,0
Network Security Engineer,8.049920832364366,0,Senior-Level,4,0,1
Network Security Engineer,3.9188080495809388,1,Entry-Level,1,2,1
Network Security Engineer,9.123117370892967,0,Senior-Level,1,1,1
Network Security Engineer,3.4662736516294315,1,Entry-Level,1,1,0
Network Security Engineer,9.39444177132264,0,Senior-Level,4,0,0
Network Security Engineer,8.049920832364366,0,Senior-Level,4,0,1
Network Security Engineer,3.9188080495809388,1,Entry-Level,1,2,1
Network Security Engineer,9.123117370892967,0,Senior-Level,1,1,1
Network Security Engineer,3.4662736516294315,1,Entry-Level,1,1,0
Network Security Engineer,9.39444177132264,0,Senior-Level,4,0,0
Network Security Engineer,8.049920832364366,0,Senior-Level,4,0,1
Network Security Engineer,3.9188080495809388,1,Entry-Level,1,2,1
Network Security Engineer,9.123117370892967,0,Senior-Level,1,1,1
Network Security Engineer,3.4662736516294315,1,Entry-Level,1,1,0
Network Security Engineer,9.39444177132264,0,Senior-Level,4,0,0
Network Security Engineer,8.049920832364366,0,Senior-Level,4,0,1
Network Security Engineer,3.9188080495809388,1,Entry-Level,1,2,1
Network Security Engineer,9.123117370892967,0,Senior-Level,1,1,1
Network Security Engineer,3.4662736516294315,1,Entry-Level,1,1,0
Network Security Engineer,9.39444177132264,0,Senior-Level,4,0,0
Network Security Engineer,8.049920832364366,0,Senior-Level,4,0,1
PMO,6.0,2,Mid-Level,3,1,2
PMO,14.203013099914394,2,Mid-Level,6,1,2
PMO,6.455152405277393,1,Entry-Level,2,1,0
PMO,6.0,2,Mid-Level,3,1,2
PMO,14.203013099914394,2,Mid-Level,6,1,2
PMO,6.455152405277393,1,Entry-Level,2,1,0
PMO,6.0,2,Mid-Level,3,1,2
PMO,14.203013099914394,2,Mid-Level,6,1,2
PMO,6.455152405277393,1,Entry-Level,2,1,0
PMO,6.0,2,Mid-Level,3,1,2
PMO,14.203013099914394,2,Mid-Level,6,1,2
PMO,6.455152405277393,1,Entry-Level,2,1,0
PMO,6.0,2,Mid-Level,3,1,2
PMO,14.203013099914394,2,Mid-Level,6,1,2
PMO,6.455152405277393,1,Entry-Level,2,1,0
PMO,6.0,2,Mid-Level,3,1,2
PMO,14.203013099914394,2,Mid-Level,6,1,2
PMO,6.455152405277393,1,Entry-Level,2,1,0
PMO,6.0,2,Mid-Level,3,1,2
PMO,14.203013099914394,2,Mid-Level,6,1,2
PMO,6.455152405277393,1,Entry-Level,2,1,0
PMO,6.0,2,Mid-Level,3,1,2
PMO,14.203013099914394,2,Mid-Level,6,1,2
PMO,6.455152405277393,1,Entry-Level,2,1,0
PMO,6.0,2,Mid-Level,3,1,2
PMO,14.203013099914394,2,Mid-Level,6,1,2
PMO,6.455152405277393,1,Entry-Level,2,1,0
PMO,6.0,2,Mid-Level,3,1,2
PMO,14.203013099914394,2,Mid-Level,6,1,2
PMO,6.455152405277393,1,Entry-Level,2,1,0
Database,11.027631583045792,0,Senior-Level,4,0,2
Database,11.119966564648823,0,Senior-Level,4,1,1
Database,11.0,0,Senior-Level,3,1,0
Database,4.886273922807558,1,Entry-Level,1,0,1
Database,2.0,1,Entry-Level,0,0,0
Database,4.0,1,Entry-Level,4,0,0
Database,2.566977565242526,1,Entry-Level,0,1,1
Database,4.169822618355587,1,Entry-Level,1,0,1
Database,10.281430303545651,0,Senior-Level,3,0,1
Database,14.764582658638526,0,Senior-Level,2,0,1
Database,13.783459406491039,0,Senior-Level,1,0,2
Database,11.027631583045792,0,Senior-Level,4,0,2
Database,11.119966564648823,0,Senior-Level,4,1,1
Database,11.0,0,Senior-Level,3,1,0
Database,4.886273922807558,1,Entry-Level,1,0,1
Database,2.0,1,Entry-Level,0,0,0
Database,4.0,1,Entry-Level,4,0,0
Database,2.566977565242526,1,Entry-Level,0,1,1
Database,4.169822618355587,1,Entry-Level,1,0,1
Database,10.281430303545651,0,Senior-Level,3,0,1
Database,14.764582658638526,0,Senior-Level,2,0,1
Database,13.783459406491039,0,Senior-Level,1,0,2
Database,11.027631583045792,0,Senior-Level,4,0,2
Database,11.119966564648823,0,Senior-Level,4,1,1
Database,11.0,0,Senior-Level,3,1,0
Database,4.886273922807558,1,Entry-Level,1,0,1
Database,2.0,1,Entry-Level,0,0,0
Database,4.0,1,Entry-Level,4,0,0
Database,2.566977565242526,1,Entry-Level,0,1,1
Database,4.169822618355587,1,Entry-Level,1,0,1
Database,10.281430303545651,0,Senior-Level,3,0,1
Database,14.764582658638526,0,Senior-Level,2,0,1
Database,13.783459406491039,0,Senior-Level,1,0,2
Hadoop,7.7162459530055685,1,Entry-Level,0,0,1
Hadoop,1.973154329378985,1,Entry-Level,0,1,0
Hadoop,13.5358070321937,0,Senior-Level,2,1,2
Hadoop,12.779993577291258,0,Senior-Level,3,0,1
Hadoop,5.099343996400502,1,Entry-Level,1,0,1
Hadoop,6.565039658283869,1,Entry-Level,1,0,1
Hadoop,5.747471318234158,1,Entry-Level,2,0,0
Hadoop,7.7162459530055685,1,Entry-Level,0,0,1
Hadoop,1.973154329378985,1,Entry-Level,0,1,0
Hadoop,13.5358070321937,0,Senior-Level,2,1,2
Hadoop,12.779993577291258,0,Senior-Level,3,0,1
Hadoop,5.099343996400502,1,Entry-Level,1,0,1
Hadoop,6.565039658283869,1,Entry-Level,1,0,1
Hadoop,5.747471318234158,1,Entry-Level,2,0,0
Hadoop,7.7162459530055685,1,Entry-Level,0,0,1
Hadoop,1.973154329378985,1,Entry-Level,0,1,0
Hadoop,13.5358070321937,0,Senior-Level,2,1,2
Hadoop,12.779993577291258,0,Senior-Level,3,0,1
Hadoop,5.099343996400502,1,Entry-Level,1,0,1
Hadoop,6.565039658283869,1,Entry-Level,1,0,1
Hadoop,5.747471318234158,1,Entry-Level,2,0,0
Hadoop,7.7162459530055685,1,Entry-Level,0,0,1
Hadoop,1.973154329378985,1,Entry-Level,0,1,0
Hadoop,13.5358070321937,0,Senior-Level,2,1,2
Hadoop,12.779993577291258,0,Senior-Level,3,0,1
Hadoop,5.099343996400502,1,Entry-Level,1,0,1
Hadoop,6.565039658283869,1,Entry-Level,1,0,1
Hadoop,5.747471318234158,1,Entry-Level,2,0,0
Hadoop,7.7162459530055685,1,Entry-Level,0,0,1
Hadoop,1.973154329378985,1,Entry-Level,0,1,0
Hadoop,13.5358070321937,0,Senior-Level,2,1,2
Hadoop,12.779993577291258,0,Senior-Level,3,0,1
Hadoop,5.099343996400502,1,Entry-Level,1,0,1
Hadoop,6.565039658283869,1,Entry-Level,1,0,1
Hadoop,5.747471318234158,1,Entry-Level,2,0,0
Hadoop,7.7162459530055685,1,Entry-Level,0,0,1
Hadoop,1.973154329378985,1,Entry-Level,0,1,0
Hadoop,13.5358070321937,0,Senior-Level,2,1,2
Hadoop,12.779993577291258,0,Senior-Level,3,0,1
Hadoop,5.099343996400502,1,Entry-Level,1,0,1
Hadoop,6.565039658283869,1,Entry-Level,1,0,1
Hadoop,5.747471318234158,1,Entry-Level,2,0,0
ETL Developer,6.759607023041323,1,Entry-Level,0,0,1
ETL Developer,8.48143103436986,0,Senior-Level,3,0,1
ETL Developer,3.2694211639671944,1,Entry-Level,0,0,0
ETL Developer,13.504258350167486,0,Senior-Level,1,0,2
ETL Developer,4.204808152221146,1,Entry-Level,0,0,1
ETL Developer,6.759607023041323,1,Entry-Level,0,0,1
ETL Developer,8.48143103436986,0,Senior-Level,3,0,1
ETL Developer,3.2694211639671944,1,Entry-Level,0,0,0
ETL Developer,13.504258350167486,0,Senior-Level,1,0,2
ETL Developer,4.204808152221146,1,Entry-Level,0,0,1
ETL Developer,6.759607023041323,1,Entry-Level,0,0,1
ETL Developer,8.48143103436986,0,Senior-Level,3,0,1
ETL Developer,3.2694211639671944,1,Entry-Level,0,0,0
ETL Developer,13.504258350167486,0,Senior-Level,1,0,2
ETL Developer,4.204808152221146,1,Entry-Level,0,0,1
ETL Developer,6.759607023041323,1,Entry-Level,0,0,1
ETL Developer,8.48143103436986,0,Senior-Level,3,0,1
ETL Developer,3.2694211639671944,1,Entry-Level,0,0,0
ETL Developer,13.504258350167486,0,Senior-Level,1,0,2
ETL Developer,4.204808152221146,1,Entry-Level,0,0,1
ETL Developer,6.759607023041323,1,Entry-Level,0,0,1
ETL Developer,8.48143103436986,0,Senior-Level,3,0,1
ETL Developer,3.2694211639671944,1,Entry-Level,0,0,0
ETL Developer,13.504258350167486,0,Senior-Level,1,0,2
ETL Developer,4.204808152221146,1,Entry-Level,0,0,1
ETL Developer,6.759607023041323,1,Entry-Level,0,0,1
ETL Developer,8.48143103436986,0,Senior-Level,3,0,1
ETL Developer,3.2694211639671944,1,Entry-Level,0,0,0
ETL Developer,13.504258350167486,0,Senior-Level,1,0,2
ETL Developer,4.204808152221146,1,Entry-Level,0,0,1
ETL Developer,6.759607023041323,1,Entry-Level,0,0,1
ETL Developer,8.48143103436986,0,Senior-Level,3,0,1
ETL Developer,3.2694211639671944,1,Entry-Level,0,0,0
ETL Developer,13.504258350167486,0,Senior-Level,1,0,2
ETL Developer,4.204808152221146,1,Entry-Level,0,0,1
ETL Developer,6.759607023041323,1,Entry-Level,0,0,1
ETL Developer,8.48143103436986,0,Senior-Level,3,0,1
ETL Developer,3.2694211639671944,1,Entry-Level,0,0,0
ETL Developer,13.504258350167486,0,Senior-Level,1,0,2
ETL Developer,4.204808152221146,1,Entry-Level,0,0,1
DotNet Developer,2.1726142985410393,1,Entry-Level,0,0,0
DotNet Developer,2.007722457048819,1,Entry-Level,0,0,0
DotNet Developer,1.0,1,Entry-Level,2,0,0
DotNet Developer,3.6360168270697284,1,Entry-Level,0,0,0
DotNet Developer,13.791580435833591,0,Senior-Level,2,0,1
DotNet Developer,7.142761553342031,2,Mid-Level,2,2,1
DotNet Developer,2.9853646604024684,1,Entry-Level,0,0,0
DotNet Developer,2.1726142985410393,1,Entry-Level,0,0,0
DotNet Developer,2.007722457048819,1,Entry-Level,0,0,0
DotNet Developer,1.0,1,Entry-Level,2,0,0
DotNet Developer,3.6360168270697284,1,Entry-Level,0,0,0
DotNet Developer,13.791580435833591,0,Senior-Level,2,0,1
DotNet Developer,7.142761553342031,2,Mid-Level,2,2,1
DotNet Developer,2.9853646604024684,1,Entry-Level,0,0,0
DotNet Developer,2.1726142985410393,1,Entry-Level,0,0,0
DotNet Developer,2.007722457048819,1,Entry-Level,0,0,0
DotNet Developer,1.0,1,Entry-Level,2,0,0
DotNet Developer,3.6360168270697284,1,Entry-Level,0,0,0
DotNet Developer,13.791580435833591,0,Senior-Level,2,0,1
DotNet Developer,7.142761553342031,2,Mid-Level,2,2,1
DotNet Developer,2.9853646604024684,1,Entry-Level,0,0,0
DotNet Developer,2.1726142985410393,1,Entry-Level,0,0,0
DotNet Developer,2.007722457048819,1,Entry-Level,0,0,0
DotNet Developer,1.0,1,Entry-Level,2,0,0
DotNet Developer,3.6360168270697284,1,Entry-Level,0,0,0
DotNet Developer,13.791580435833591,0,Senior-Level,2,0,1
DotNet Developer,7.142761553342031,2,Mid-Level,2,2,1
DotNet Developer,2.9853646604024684,1,Entry-Level,0,0,0
Blockchain,5.7049249290694135,1,Entry-Level,1,0,0
Blockchain,12.117750578422188,0,Senior-Level,2,0,1
Blockchain,2.0319021491189746,1,Entry-Level,0,0,0
Blockchain,5.1363890420184966,1,Entry-Level,0,0,1
Blockchain,6.473901757890719,1,Entry-Level,2,2,1
Blockchain,5.7049249290694135,1,Entry-Level,1,0,0
Blockchain,12.117750578422188,0,Senior-Level,2,0,1
Blockchain,2.0319021491189746,1,Entry-Level,0,0,0
Blockchain,5.1363890420184966,1,Entry-Level,0,0,1
Blockchain,6.473901757890719,1,Entry-Level,2,2,1
Blockchain,5.7049249290694135,1,Entry-Level,1,0,0
Blockchain,12.117750578422188,0,Senior-Level,2,0,1
Blockchain,2.0319021491189746,1,Entry-Level,0,0,0
Blockchain,5.1363890420184966,1,Entry-Level,0,0,1
Blockchain,6.473901757890719,1,Entry-Level,2,2,1
Blockchain,5.7049249290694135,1,Entry-Level,1,0,0
Blockchain,12.117750578422188,0,Senior-Level,2,0,1
Blockchain,2.0319021491189746,1,Entry-Level,0,0,0
Blockchain,5.1363890420184966,1,Entry-Level,0,0,1
Blockchain,6.473901757890719,1,Entry-Level,2,2,1
Blockchain,5.7049249290694135,1,Entry-Level,1,0,0
Blockchain,12.117750578422188,0,Senior-Level,2,0,1
Blockchain,2.0319021491189746,1,Entry-Level,0,0,0
Blockchain,5.1363890420184966,1,Entry-Level,0,0,1
Blockchain,6.473901757890719,1,Entry-Level,2,2,1
Blockchain,5.7049249290694135,1,Entry-Level,1,0,0
Blockchain,12.117750578422188,0,Senior-Level,2,0,1
Blockchain,2.0319021491189746,1,Entry-Level,0,0,0
Blockchain,5.1363890420184966,1,Entry-Level,0,0,1
Blockchain,6.473901757890719,1,Entry-Level,2,2,1
Blockchain,5.7049249290694135,1,Entry-Level,1,0,0
Blockchain,12.117750578422188,0,Senior-Level,2,0,1
Blockchain,2.0319021491189746,1,Entry-Level,0,0,0
Blockchain,5.1363890420184966,1,Entry-Level,0,0,1
Blockchain,6.473901757890719,1,Entry-Level,2,2,1
Blockchain,5.7049249290694135,1,Entry-Level,1,0,0
Blockchain,12.117750578422188,0,Senior-Level,2,0,1
Blockchain,2.0319021491189746,1,Entry-Level,0,0,0
Blockchain,5.1363890420184966,1,Entry-Level,0,0,1
Blockchain,6.473901757890719,1,Entry-Level,2,2,1
Testing,2.061934686940027,1,Entry-Level,1,0,0
Testing,7.332298490232542,1,Entry-Level,1,0,1
Testing,3.4667048143429238,1,Entry-Level,0,1,1
Testing,7.828410827617515,1,Entry-Level,1,0,1
Testing,11.33447381456827,0,Senior-Level,2,1,2
Testing,2.854563336758378,1,Entry-Level,0,0,1
Testing,3.275222458305957,1,Entry-Level,1,1,0
Testing,2.061934686940027,1,Entry-Level,1,0,0
Testing,7.332298490232542,1,Entry-Level,1,0,1
Testing,3.4667048143429238,1,Entry-Level,0,1,1
Testing,7.828410827617515,1,Entry-Level,1,0,1
Testing,11.33447381456827,0,Senior-Level,2,1,2
Testing,2.854563336758378,1,Entry-Level,0,0,1
Testing,3.275222458305957,1,Entry-Level,1,1,0
Testing,2.061934686940027,1,Entry-Level,1,0,0
Testing,7.332298490232542,1,Entry-Level,1,0,1
Testing,3.4667048143429238,1,Entry-Level,0,1,1
Testing,7.828410827617515,1,Entry-Level,1,0,1
Testing,11.33447381456827,0,Senior-Level,2,1,2
Testing,2.854563336758378,1,Entry-Level,0,0,1
Testing,3.275222458305957,1,Entry-Level,1,1,0
Testing,2.061934686940027,1,Entry-Level,1,0,0
Testing,7.332298490232542,1,Entry-Level,1,0,1
Testing,3.4667048143429238,1,Entry-Level,0,1,1
Testing,7.828410827617515,1,Entry-Level,1,0,1
Testing,11.33447381456827,0,Senior-Level,2,1,2
Testing,2.854563336758378,1,Entry-Level,0,0,1
Testing,3.275222458305957,1,Entry-Level,1,1,0
Testing,2.061934686940027,1,Entry-Level,1,0,0
Testing,7.332298490232542,1,Entry-Level,1,0,1
Testing,3.4667048143429238,1,Entry-Level,0,1,1
Testing,7.828410827617515,1,Entry-Level,1,0,1
Testing,11.33447381456827,0,Senior-Level,2,1,2
Testing,2.854563336758378,1,Entry-Level,0,0,1
Testing,3.275222458305957,1,Entry-Level,1,1,0
Testing,2.061934686940027,1,Entry-Level,1,0,0
Testing,7.332298490232542,1,Entry-Level,1,0,1
Testing,3.4667048143429238,1,Entry-Level,0,1,1
Testing,7.828410827617515,1,Entry-Level,1,0,1
Testing,11.33447381456827,0,Senior-Level,2,1,2
Testing,2.854563336758378,1,Entry-Level,0,0,1
Testing,3.275222458305957,1,Entry-Level,1,1,0
Testing,2.061934686940027,1,Entry-Level,1,0,0
Testing,7.332298490232542,1,Entry-Level,1,0,1
Testing,3.4667048143429238,1,Entry-Level,0,1,1
Testing,7.828410827617515,1,Entry-Level,1,0,1
Testing,11.33447381456827,0,Senior-Level,2,1,2
Testing,2.854563336758378,1,Entry-Level,0,0,1
Testing,3.275222458305957,1,Entry-Level,1,1,0
Testing,2.061934686940027,1,Entry-Level,1,0,0
Testing,7.332298490232542,1,Entry-Level,1,0,1
Testing,3.4667048143429238,1,Entry-Level,0,1,1
Testing,7.828410827617515,1,Entry-Level,1,0,1
Testing,11.33447381456827,0,Senior-Level,2,1,2
Testing,2.854563336758378,1,Entry-Level,0,0,1
Testing,3.275222458305957,1,Entry-Level,1,1,0
Testing,2.061934686940027,1,Entry-Level,1,0,0
Testing,7.332298490232542,1,Entry-Level,1,0,1
Testing,3.4667048143429238,1,Entry-Level,0,1,1
Testing,7.828410827617515,1,Entry-Level,1,0,1
Testing,11.33447381456827,0,Senior-Level,2,1,2
Testing,2.854563336758378,1,Entry-Level,0,0,1
Testing,3.275222458305957,1,Entry-Level,1,1,0
Testing,2.061934686940027,1,Entry-Level,1,0,0
Testing,7.332298490232542,1,Entry-Level,1,0,1
Testing,3.4667048143429238,1,Entry-Level,0,1,1
Testing,7.828410827617515,1,Entry-Level,1,0,1
Testing,11.33447381456827,0,Senior-Level,2,1,2
Testing,2.854563336758378,1,Entry-Level,0,0,1
Testing,3.275222458305957,1,Entry-Level,1,1,0
